cod_original_query;language;cod_noise_kind;text
23849;en;0;are naturalization records public information
42255;en;0;average salary for dental hygienist in nebraska
47210;en;0;average wedding dress alteration cost
67316;en;0;can fever cause miscarriage early pregnancy
118440;en;0;define bmt medical
121171;en;0;define etruscans
135802;en;0;definition of laudable
141630;en;0;describe how muscles and bones work together to produce movement
156498;en;0;do google docs auto save
169208;en;0;does mississippi have an income tax
174463;en;0;dog day afternoon meaning
258062;en;0;how long does it take to remove wisdom tooth
324585;en;0;how much money do motivational speakers make
330975;en;0;how much would it cost to install my own wind turbine
332593;en;0;how often to button quail lay eggs
336901;en;0;how old is vanessa redgrave
390360;en;0;ia suffix meaning
405163;en;0;is caffeine an narcotic
555530;en;0;what are best foods to lower cholesterol
583468;en;0;what carvedilol used for
640502;en;0;what does it mean if your tsh is low
673670;en;0;what is a alm
701453;en;0;what is a statutory deed
730539;en;0;what is chronometer who invented it
768208;en;0;what is mamey
877809;en;0;what metal are hip replacements made of
911232;en;0;what type of conflict does della face in o,  henry the gift of the magi
914916;en;0;what type of tissue are bronchioles
938400;en;0;when did family feud come out?
940547;en;0;when did rock n roll begin?
997622;en;0;where is the show shameless filmed
1030303;en;0;who is aziz hashim
1037496;en;0;who is rep scalise?
1043135;en;0;who killed nicholas ii of russia
1051399;en;0;who sings monk theme song
1064670;en;0;why do hunters pattern their shotguns?
1071750;en;0;why is pete rose banned from hall of fame
1105792;en;0;define: geon
1106979;en;0;define pareto chart in statistics
1108651;en;0;what the best way to get clothes white
1109707;en;0;what medium do radio waves travel through
1110678;en;0;what is the un fao
1113256;en;0;what is reba mcentire's net worth
1115210;en;0;what is chaff and flare
1116380;en;0;what is a nonconformity? earth science
1121353;en;0;what can you do about discrimination in the workplace in oklahoma city
1122767;en;0;what amino produces carnitine
1127540;en;0;meaning of shebang
1131069;en;0;how many sons robert kraft has
1132532;en;0;average annual income data analyst
1133579;en;0;how does granulation tissue start
1136043;en;0;difference between a hotel and motel
1136047;en;0;difference between a company's strategy and business model is
1136962;en;0;why did the ancient egyptians call their land kemet, or black land?
23849;en;1;naturalization are records public information
42255;en;1;salary average for dental hygienist in nebraska
47210;en;1;wedding average dress alteration cost
67316;en;1;fever can cause miscarriage early pregnancy
118440;en;1;bmt define medical
121171;en;1;etruscans define
135802;en;1;of definition laudable
141630;en;1;how describe muscles and bones work together to produce movement
156498;en;1;google do docs auto save
169208;en;1;mississippi does have an income tax
174463;en;1;day dog afternoon meaning
258062;en;1;long how does it take to remove wisdom tooth
324585;en;1;much how money do motivational speakers make
330975;en;1;much how would it cost to install my own wind turbine
332593;en;1;often how to button quail lay eggs
336901;en;1;old how is vanessa redgrave
390360;en;1;suffix ia meaning
405163;en;1;caffeine is an narcotic
555530;en;1;are what best foods to lower cholesterol
583468;en;1;carvedilol what used for
640502;en;1;does what it mean if your tsh is low
673670;en;1;is what a alm
701453;en;1;is what a statutory deed
730539;en;1;is what chronometer who invented it
768208;en;1;is what mamey
877809;en;1;metal what are hip replacements made of
911232;en;1;type what of conflict does della face in o , henry the gift of the magi
914916;en;1;type what of tissue are bronchioles
938400;en;1;did when family feud come out ?
940547;en;1;did when rock n roll begin ?
997622;en;1;is where the show shameless filmed
1030303;en;1;is who aziz hashim
1037496;en;1;is who rep scalise ?
1043135;en;1;killed who nicholas ii of russia
1051399;en;1;sings who monk theme song
1064670;en;1;do why hunters pattern their shotguns ?
1071750;en;1;is why pete rose banned from hall of fame
1105792;en;1;geon define
1106979;en;1;pareto define chart in statistics
1108651;en;1;the what best way to get clothes white
1109707;en;1;medium what do radio waves travel through
1110678;en;1;is what the un fao
1113256;en;1;is what reba mcentire's net worth
1115210;en;1;is what chaff and flare
1116380;en;1;is what a nonconformity ? earth science
1121353;en;1;can what you do about discrimination in the workplace in oklahoma city
1122767;en;1;amino what produces carnitine
1127540;en;1;of meaning shebang
1131069;en;1;many how sons robert kraft has
1132532;en;1;annual average income data analyst
1133579;en;1;does how granulation tissue start
1136043;en;1;between difference a hotel and motel
1136047;en;1;between difference a company's strategy and business model is
1136962;en;1;did why the ancient egyptians call their land kemet , or black land ?
23849;en;2;are naturalization records information public
42255;en;2;average salary for dental hygienist nebraska in
47210;en;2;average wedding dress cost alteration
67316;en;2;can fever cause miscarriage pregnancy early
118440;en;2;define medical bmt
121171;en;2;etruscans define
135802;en;2;definition laudable of
141630;en;2;describe how muscles and bones work together to movement produce
156498;en;2;do google docs save auto
169208;en;2;does mississippi have an tax income
174463;en;2;dog day meaning afternoon
258062;en;2;how long does it take to remove tooth wisdom
324585;en;2;how much money do motivational make speakers
330975;en;2;how much would it cost to install my own turbine wind
332593;en;2;how often to button quail eggs lay
336901;en;2;how old is redgrave vanessa
390360;en;2;ia meaning suffix
405163;en;2;is caffeine narcotic an
555530;en;2;what are best foods to cholesterol lower
583468;en;2;what carvedilol for used
640502;en;2;what does it mean if your tsh low is
673670;en;2;what is alm a
701453;en;2;what is a deed statutory
730539;en;2;what is chronometer who it invented
768208;en;2;what mamey is
877809;en;2;what metal are hip replacements of made
911232;en;2;what type of conflict does della face in o , henry the gift of magi the
914916;en;2;what type of tissue bronchioles are
938400;en;2;when did family feud come ? out
940547;en;2;when did rock n roll ? begin
997622;en;2;where is the show filmed shameless
1030303;en;2;who is hashim aziz
1037496;en;2;who is rep ? scalise
1043135;en;2;who killed nicholas ii russia of
1051399;en;2;who sings monk song theme
1064670;en;2;why do hunters pattern their ? shotguns
1071750;en;2;why is pete rose banned from hall fame of
1105792;en;2;geon define
1106979;en;2;define pareto chart statistics in
1108651;en;2;what the best way to get white clothes
1109707;en;2;what medium do radio waves through travel
1110678;en;2;what is the fao un
1113256;en;2;what is reba mcentire's worth net
1115210;en;2;what is chaff flare and
1116380;en;2;what is a nonconformity ? science earth
1121353;en;2;what can you do about discrimination in the workplace in city oklahoma
1122767;en;2;what amino carnitine produces
1127540;en;2;meaning shebang of
1131069;en;2;how many sons robert has kraft
1132532;en;2;average annual income analyst data
1133579;en;2;how does granulation start tissue
1136043;en;2;difference between a hotel motel and
1136047;en;2;difference between a company's strategy and business is model
1136962;en;2;why did the ancient egyptians call their land kemet , or black ? land
23849;en;3;information naturalization records public are
42255;en;3;nebraska salary for dental hygienist in average
47210;en;3;cost wedding dress alteration average
67316;en;3;pregnancy fever cause miscarriage early can
118440;en;3;medical bmt define
121171;en;3;etruscans define
135802;en;3;laudable of definition
141630;en;3;movement how muscles and bones work together to produce describe
156498;en;3;save google docs auto do
169208;en;3;tax mississippi have an income does
174463;en;3;meaning day afternoon dog
258062;en;3;tooth long does it take to remove wisdom how
324585;en;3;make much money do motivational speakers how
330975;en;3;turbine much would it cost to install my own wind how
332593;en;3;eggs often to button quail lay how
336901;en;3;redgrave old is vanessa how
390360;en;3;meaning suffix ia
405163;en;3;narcotic caffeine an is
555530;en;3;cholesterol are best foods to lower what
583468;en;3;for carvedilol used what
640502;en;3;low does it mean if your tsh is what
673670;en;3;alm is a what
701453;en;3;deed is a statutory what
730539;en;3;it is chronometer who invented what
768208;en;3;mamey is what
877809;en;3;of metal are hip replacements made what
911232;en;3;magi type of conflict does della face in o , henry the gift of the what
914916;en;3;bronchioles type of tissue are what
938400;en;3;? did family feud come out when
940547;en;3;? did rock n roll begin when
997622;en;3;filmed is the show shameless where
1030303;en;3;hashim is aziz who
1037496;en;3;? is rep scalise who
1043135;en;3;russia killed nicholas ii of who
1051399;en;3;song sings monk theme who
1064670;en;3;? do hunters pattern their shotguns why
1071750;en;3;fame is pete rose banned from hall of why
1105792;en;3;geon define
1106979;en;3;statistics pareto chart in define
1108651;en;3;white the best way to get clothes what
1109707;en;3;through medium do radio waves travel what
1110678;en;3;fao is the un what
1113256;en;3;worth is reba mcentire's net what
1115210;en;3;flare is chaff and what
1116380;en;3;science is a nonconformity ? earth what
1121353;en;3;city can you do about discrimination in the workplace in oklahoma what
1122767;en;3;carnitine amino produces what
1127540;en;3;shebang of meaning
1131069;en;3;has many sons robert kraft how
1132532;en;3;analyst annual income data average
1133579;en;3;start does granulation tissue how
1136043;en;3;motel between a hotel and difference
1136047;en;3;is between a company's strategy and business model difference
1136962;en;3;? did the ancient egyptians call their land kemet , or black land why
23849;en;4;are records public information
42255;en;4;average for dental hygienist in nebraska
47210;en;4;average dress alteration cost
67316;en;4;can cause miscarriage early pregnancy
118440;en;4;define medical
121171;en;4;define
135802;en;4;definition laudable
141630;en;4;describe muscles and bones work together to produce movement
156498;en;4;do docs auto save
169208;en;4;does have an income tax
174463;en;4;dog afternoon meaning
258062;en;4;how does it take to remove wisdom tooth
324585;en;4;how money do motivational speakers make
330975;en;4;how would it cost to install my own wind turbine
332593;en;4;how to button quail lay eggs
336901;en;4;how is vanessa redgrave
390360;en;4;ia meaning
405163;en;4;is an narcotic
555530;en;4;what best foods to lower cholesterol
583468;en;4;what used for
640502;en;4;what it mean if your tsh is low
673670;en;4;what a alm
701453;en;4;what a statutory deed
730539;en;4;what chronometer who invented it
768208;en;4;what mamey
877809;en;4;what are hip replacements made of
911232;en;4;what of conflict does della face in o , henry the gift of the magi
914916;en;4;what of tissue are bronchioles
938400;en;4;when family feud come out ?
940547;en;4;when rock n roll begin ?
997622;en;4;where the show shameless filmed
1030303;en;4;who aziz hashim
1037496;en;4;who rep scalise ?
1043135;en;4;who nicholas ii of russia
1051399;en;4;who monk theme song
1064670;en;4;why hunters pattern their shotguns ?
1071750;en;4;why pete rose banned from hall of fame
1105792;en;4;define
1106979;en;4;define chart in statistics
1108651;en;4;what best way to get clothes white
1109707;en;4;what do radio waves travel through
1110678;en;4;what the un fao
1113256;en;4;what reba mcentire's net worth
1115210;en;4;what chaff and flare
1116380;en;4;what a nonconformity ? earth science
1121353;en;4;what you do about discrimination in the workplace in oklahoma city
1122767;en;4;what produces carnitine
1127540;en;4;meaning shebang
1131069;en;4;how sons robert kraft has
1132532;en;4;average income data analyst
1133579;en;4;how granulation tissue start
1136043;en;4;difference a hotel and motel
1136047;en;4;difference a company's strategy and business model is
1136962;en;4;why the ancient egyptians call their land kemet , or black land ?
23849;en;5;are naturalization records information
42255;en;5;average salary for dental hygienist nebraska
47210;en;5;average wedding dress cost
67316;en;5;can fever cause miscarriage pregnancy
118440;en;5;define medical
121171;en;5;etruscans
135802;en;5;definition laudable
141630;en;5;describe how muscles and bones work together to movement
156498;en;5;do google docs save
169208;en;5;does mississippi have an tax
174463;en;5;dog day meaning
258062;en;5;how long does it take to remove tooth
324585;en;5;how much money do motivational make
330975;en;5;how much would it cost to install my own turbine
332593;en;5;how often to button quail eggs
336901;en;5;how old is redgrave
390360;en;5;ia meaning
405163;en;5;is caffeine narcotic
555530;en;5;what are best foods to cholesterol
583468;en;5;what carvedilol for
640502;en;5;what does it mean if your tsh low
673670;en;5;what is alm
701453;en;5;what is a deed
730539;en;5;what is chronometer who it
768208;en;5;what mamey
877809;en;5;what metal are hip replacements of
911232;en;5;what type of conflict does della face in o , henry the gift of magi
914916;en;5;what type of tissue bronchioles
938400;en;5;when did family feud come ?
940547;en;5;when did rock n roll ?
997622;en;5;where is the show filmed
1030303;en;5;who is hashim
1037496;en;5;who is rep ?
1043135;en;5;who killed nicholas ii russia
1051399;en;5;who sings monk song
1064670;en;5;why do hunters pattern their ?
1071750;en;5;why is pete rose banned from hall fame
1105792;en;5;geon
1106979;en;5;define pareto chart statistics
1108651;en;5;what the best way to get white
1109707;en;5;what medium do radio waves through
1110678;en;5;what is the fao
1113256;en;5;what is reba mcentire's worth
1115210;en;5;what is chaff flare
1116380;en;5;what is a nonconformity ? science
1121353;en;5;what can you do about discrimination in the workplace in city
1122767;en;5;what amino carnitine
1127540;en;5;meaning shebang
1131069;en;5;how many sons robert has
1132532;en;5;average annual income analyst
1133579;en;5;how does granulation start
1136043;en;5;difference between a hotel motel
1136047;en;5;difference between a company's strategy and business is
1136962;en;5;why did the ancient egyptians call their land kemet , or black ?
23849;en;6;are naturalization records information
42255;en;6;average salary for hygienist in nebraska
47210;en;6;wedding dress alteration cost
67316;en;6;can fever miscarriage early
118440;en;6;define medical
121171;en;6;etruscans
135802;en;6;definition laudable
141630;en;6;describe how muscles and bones work together to produce
156498;en;6;do google docs auto
169208;en;6;does mississippi have income tax
174463;en;6;dog day afternoon
258062;en;6;how long it to tooth
324585;en;6;how much money motivational speakers make
330975;en;6;how much would it to my own wind turbine
332593;en;6;how button quail lay
336901;en;6;old is vanessa redgrave
390360;en;6;suffix meaning
405163;en;6;is caffeine narcotic
555530;en;6;are to lower cholesterol
583468;en;6;what carvedilol for
640502;en;6;what does it if your tsh is
673670;en;6;what is
701453;en;6;is statutory deed
730539;en;6;what is chronometer invented it
768208;en;6;what mamey
877809;en;6;what metal are hip of
911232;en;6;what type of conflict does della face in o , henry the gift of magi
914916;en;6;what type of are bronchioles
938400;en;6;when did family feud out ?
940547;en;6;when did n roll begin ?
997622;en;6;where is the filmed
1030303;en;6;is hashim
1037496;en;6;who is rep ?
1043135;en;6;who killed nicholas of russia
1051399;en;6;who monk theme song
1064670;en;6;do pattern their shotguns ?
1071750;en;6;is pete rose banned from hall fame
1105792;en;6;geon
1106979;en;6;define pareto in statistics
1108651;en;6;what best way to get clothes
1109707;en;6;what medium do waves travel through
1110678;en;6;what is un fao
1113256;en;6;what is reba net worth
1115210;en;6;what is chaff and
1116380;en;6;what is a ? earth science
1121353;en;6;can you do about discrimination in the workplace in oklahoma
1122767;en;6;what produces
1127540;en;6;of shebang
1131069;en;6;how many sons robert kraft
1132532;en;6;average annual data analyst
1133579;en;6;how granulation tissue start
1136043;en;6;difference between a and motel
1136047;en;6;difference between a company's and business model is
1136962;en;6;why did the ancient egyptians call their land , or black land ?
23849;en;7;is public information from naturalization records.
42255;en;7;Average Salary of Dental Hygienist in Nebraska
47210;en;7;average cost of changing the wedding dress
67316;en;7;can fever cause miscarriage in early pregnancy
118440;en;7;define bmt medical
121171;en;7;define Etruscans
135802;en;7;definition of commendable
141630;en;7;describe how muscles and bones work together to produce movement
156498;en;7;Google docs automatically saves
169208;en;7;Mississippi has income tax
174463;en;7;meaning of the afternoon of the dog's day
258062;en;7;how long does it take to remove the wisdom tooth
324585;en;7;how much money do motivational speakers make
330975;en;7;how much would it cost to install my own wind turbine
332593;en;7;how often to button quails lay eggs
336901;en;7;how old is vanessa redgrave
390360;en;7;suffix meaning ia
405163;en;7;caffeine is a narcotic
555530;en;7;what are the best foods to lower cholesterol
583468;en;7;what carvedilol is used for
640502;en;7;what does it mean if your tsh is low
673670;en;7;what is a soul
701453;en;7;what is a legal deed
730539;en;7;what is the timer that invented it
768208;en;7;what is mamey
877809;en;7;what metal are hip replacements made of
911232;en;7;what kind of conflict does her face in or, Henry, the gift of wizards
914916;en;7;what kind of tissue are bronchioles
938400;en;7;when did the family feud arise?
940547;en;7;when did rock n roll start?
997622;en;7;where the shameless show is filmed
1030303;en;7;who is azi hashim
1037496;en;7;who is scalise rep?
1043135;en;7;who killed nicolau from russia
1051399;en;7;who sings the monk's theme song
1064670;en;7;why do hunters standardize their shotguns?
1071750;en;7;Why Pete Rose was banned from the Hall of Fame
1105792;en;7;define: geon
1106979;en;7;set Pareto chart in statistics
1108651;en;7;what is the best way to get white clothes
1109707;en;7;how do radio waves travel
1110678;en;7;what is the un fao
1113256;en;7;what is reba mcentire's equity
1115210;en;7;what is straw and flame
1116380;en;7;what is a non-compliance? earth science
1121353;en;7;What You Can Do About Workplace Discrimination In Oklahoma City
1122767;en;7;which amino produces carnitine
1127540;en;7;meaning of shebang
1131069;en;7;how many children robert kraft has
1132532;en;7;Average Annual Income Data Analyst
1133579;en;7;how granulation tissue starts
1136043;en;7;difference between a hotel and motel
1136047;en;7;difference between a company's strategy and the business model is
1136962;en;7;why did the ancient Egyptians call their land kemet, or black land?
23849;en;8;are naturalization records public infomation
42255;en;8;average salery for dental hygienist in nebraska
67316;en;8;can fever casue miscarriage early pregnancy
118440;en;8;deffine bmt medical
121171;en;8;deffine etruscans
135802;en;8;definiton of laudable
141630;en;8;describe how muscles adn bones work together to produce movement
169208;en;8;does mississippi hvea an income tax
174463;en;8;dog day afternoon meaing
258062;en;8;how long doens it take to remove wisdom tooth
324585;en;8;how much moeny do motivational speakers make
330975;en;8;how much owudl it cost to install my own wind turbine
332593;en;8;how oftenly to button quail lay eggs
390360;en;8;ia suffix meaing
555530;en;8;whta are best foods to lower cholesterol
583468;en;8;whta carvedilol used for
640502;en;8;what doens it mean if your tsh is low
673670;en;8;waht is a alm
701453;en;8;whta is a statutory deed
730539;en;8;waht is chronometer who invented it
768208;en;8;whta is mamey
877809;en;8;whta metal are hip replacements made of
911232;en;8;what type of conflict does della face in o, henry teh gift of the magi
914916;en;8;waht type of tissue are bronchioles
938400;en;8;wehn did family feud come out?
940547;en;8;wehn did rock n roll begin?
997622;en;8;where is hten show shameless filmed
1064670;en;8;why do hunters pattern ther shotguns?
1071750;en;8;why is pete rised banned from hall of fame
1105792;en;8;deffine: geon
1106979;en;8;deffine pareto chart in statistics
1108651;en;8;waht the best way to get clothes white
1109707;en;8;what medium do radio waves travel throught
1110678;en;8;what is tjhe un fao
1113256;en;8;whta is reba mcentire's net worth
1115210;en;8;whta is chaff and flare
1116380;en;8;what is a nonconformity? earth scinece
1121353;en;8;what can you do boaut discrimination in the workplace in oklahoma city
1122767;en;8;waht amino produces carnitine
1127540;en;8;meaing of shebang
1132532;en;8;average anual income data analyst
1133579;en;8;how does granulation tissue strat
1136043;en;8;difference betwen a hotel and motel
1136047;en;8;difference between a company's strategy and busness model is
1136962;en;8;why did thge ancient egyptians call their land kemet, or black land?
47210;en;8;average weddin dress alteration cost
156498;en;8;do google docs alto save
336901;en;8;how old is Vanesa redgrave
405163;en;8;is caffein an narcotic
1030303;en;8;whom is aziz hashim
1037496;en;8;who is rep scaliz?
1043135;en;8;who killd nicholas ii of russia
1051399;en;8;who sings mank theme song
1131069;en;8;how many sons robert kraft have
23849;pt;0;são informações públicas de registros de naturalização
42255;pt;0;salário médio de higienista dental em nebraska
47210;pt;0;custo médio de alteração do vestido de noiva
67316;pt;0;pode a febre causar aborto espontâneo no início da gravidez
118440;pt;0;definir bmt medical
121171;pt;0;definir etruscos
135802;pt;0;definição de louvável
141630;pt;0;descrever como músculos e ossos trabalham juntos para produzir movimento
156498;pt;0;Google docs salva automaticamente
169208;pt;0;Mississippi tem imposto de renda
174463;pt;0;significado da tarde do dia do cachorro
258062;pt;0;quanto tempo leva para remover o dente do siso
324585;pt;0;quanto dinheiro os palestrantes motivacionais ganham
330975;pt;0;quanto custaria para instalar minha própria turbina eólica
332593;pt;0;com que frequência abotoar codornizes botam ovos
336901;pt;0;quantos anos tem vanessa redgrave
390360;pt;0;significado do sufixo ia
405163;pt;0;cafeína é um narcótico
555530;pt;0;quais são os melhores alimentos para reduzir o colesterol
583468;pt;0;para que carvedilol é usado
640502;pt;0;o que significa se seu tsh está baixo
673670;pt;0;o que é um alm
701453;pt;0;o que é uma escritura legal
730539;pt;0;o que é o cronômetro que o inventou
768208;pt;0;o que é mamey
877809;pt;0;de que metal são feitos os substitutos do quadril
911232;pt;0;que tipo de conflito enfrenta della em ou, Henry, o dom dos magos
914916;pt;0;que tipo de tecido são bronquíolos
938400;pt;0;quando surgiu a rixa familiar
940547;pt;0;quando o rock n roll começou
997622;pt;0;onde é filmado o show desavergonhado
1030303;pt;0;quem é aziz hashim
1037496;pt;0;quem é rep scalise
1043135;pt;0;quem matou nicolau da rússia
1051399;pt;0;quem canta a música tema do monge
1064670;pt;0;por que os caçadores padronizam suas espingardas
1071750;pt;0;Por que Pete Rose foi banido do Hall da Fama
1105792;pt;0;definir: geon
1106979;pt;0;definir gráfico de pareto nas estatísticas
1108651;pt;0;qual a melhor maneira de conseguir roupas brancas
1109707;pt;0;por qual meio as ondas de rádio viajam
1110678;pt;0;qual é o un fao
1113256;pt;0;qual é o patrimônio líquido de reba mcentire
1115210;pt;0;o que é palha e chama
1116380;pt;0;o que é uma não conformidade? Ciência da Terra
1121353;pt;0;O que você pode fazer sobre a discriminação no local de trabalho em Oklahoma City
1122767;pt;0;qual amino produz carnitina
1127540;pt;0;significado de shebang
1131069;pt;0;quantos filhos robert kraft tem
1132532;pt;0;analista de dados de renda média anual
1133579;pt;0;como o tecido de granulação começa
1136043;pt;0;diferença entre um hotel e motel
1136047;pt;0;diferença entre a estratégia de uma empresa e o modelo de negócios é
1136962;pt;0;por que os antigos egípcios chamavam sua terra de kemet, ou terra negra